track_id	artist_id	album_id	path	duration	tags	tag_count
949222	5240	111582	22/949222.mp3	184.5	adventure,corporate,documentary,drama,emotional,nature,soft,travel	8
949229	5240	111582	29/949229.mp3	282.4	children,corporate,documentary,drama,emotional,nature,romantic,soft	8
1077940	5240	128384	40/1077940.mp3	242.3	adventure,advertising,children,documentary,emotional,film,melancholic,nature	8
900232	5240	105966	32/900232.mp3	224.3	adventure,children,corporate,documentary,drama,funny,nature	7
900243	5240	105966	43/900243.mp3	110.1	adventure,corporate,documentary,drama,emotional,love,romantic	7
949232	5240	111582	32/949232.mp3	151.7	ballad,corporate,documentary,drama,emotional,nature,soft	7
1077945	5240	128384	45/1077945.mp3	172.4	adventure,advertising,children,documentary,drama,film,nature	7
1079384	5240	128551	84/1079384.mp3	174.1	children,documentary,drama,emotional,film,mellow,soft	7
1079400	5240	128551	00/1079400.mp3	192.0	adventure,children,corporate,documentary,drama,film,funny	7
1167897	456650	140453	97/1167897.mp3	178.7	advertising,children,commercial,corporate,happy,party,upbeat	7
1194791	432273	143800	91/1194791.mp3	141.7	dream,love,melodic,nature,relaxing,romantic,soft	7
1203121	457221	144525	21/1203121.mp3	244.7	calm,commercial,dream,emotional,film,melodic,relaxing	7
1203194	456946	144533	94/1203194.mp3	182.4	documentary,dream,film,love,melodic,romantic,sad	7
1203195	456946	144533	95/1203195.mp3	176.4	drama,dream,happy,love,mellow,relaxing,romantic	7
1203199	456946	144534	99/1203199.mp3	193.0	background,drama,mellow,melodic,movie,relaxing,sad	7
1203201	456946	144534	01/1203201.mp3	197.2	calm,dark,drama,dramatic,emotional,melancholic,sad	7
1269564	432273	151644	64/1269564.mp3	163.6	documentary,emotional,film,happy,love,relaxing,romantic	7
1290149	466600	153698	49/1290149.mp3	70.1	children,christmas,commercial,happy,holiday,inspiring,motivational	7
1291679	466600	153836	79/1291679.mp3	35.1	children,christmas,commercial,happy,holiday,inspiring,motivational	7
1291680	466600	153836	80/1291680.mp3	65.0	children,christmas,commercial,happy,holiday,inspiring,motivational	7
1294205	437980	154050	05/1294205.mp3	60.0	advertising,commercial,cool,energetic,fun,positive,upbeat	7
1294747	7063	154152	47/1294747.mp3	157.4	energetic,fun,happy,motivational,party,positive,upbeat	7
1382980	483387	162342	80/1382980.mp3	180.0	commercial,corporate,hopeful,inspiring,motivational,positive,upbeat	7
16039	2323	2275	39/16039.mp3	178.7	dramatic,epic,inspiring,powerful,upbeat,uplifting	6
81018	8004	7421	18/81018.mp3	239.3	documentary,dream,emotional,meditative,nature,relaxing	6
600112	341323	69335	12/600112.mp3	128.3	adventure,documentary,drama,film,sport,travel	6
816197	365142	95316	97/816197.mp3	193.1	documentary,drama,emotional,love,melancholic,soft	6
844689	2323	98719	89/844689.mp3	249.6	dramatic,emotional,epic,inspiring,powerful,uplifting	6
900236	5240	105966	36/900236.mp3	316.0	adventure,children,corporate,documentary,drama,nature	6
919995	365142	108992	95/919995.mp3	124.0	children,christmas,documentary,emotional,happy,soft	6
949226	5240	111582	26/949226.mp3	110.7	children,corporate,documentary,drama,emotional,soft	6
949228	5240	111582	28/949228.mp3	108.4	corporate,documentary,drama,emotional,horror,soft	6
1000085	355362	117651	85/1000085.mp3	176.6	action,adventure,dramatic,epic,movie,trailer	6
1065645	437812	125877	45/1065645.mp3	190.0	adventure,advertising,dark,happy,sport,upbeat	6
1077941	5240	128384	41/1077941.mp3	91.2	adventure,advertising,documentary,drama,film,nature	6
1077953	5240	128384	53/1077953.mp3	174.0	adventure,advertising,children,documentary,film,funny	6
1077954	5240	128384	54/1077954.mp3	163.9	adventure,advertising,documentary,drama,film,nature	6
1077956	5240	128384	56/1077956.mp3	233.8	adventure,advertising,documentary,drama,epic,film	6
1079382	5240	128551	82/1079382.mp3	233.7	action,adventure,documentary,drama,energetic,film	6
1091337	437812	130084	37/1091337.mp3	280.7	advertising,corporate,dark,documentary,sad,slow	6
1098829	437812	131080	29/1098829.mp3	186.0	advertising,corporate,documentary,happy,love,upbeat	6
1122286	443598	134131	86/1122286.mp3	140.2	adventure,children,commercial,documentary,nature,travel	6
1139426	428449	136852	26/1139426.mp3	483.1	dramatic,dream,emotional,epic,hopeful,motivational	6
1139427	428449	136852	27/1139427.mp3	496.3	dramatic,emotional,epic,hopeful,melancholic,motivational	6
1139428	428449	136852	28/1139428.mp3	415.8	adventure,dramatic,emotional,motivational,relaxing,romantic	6
1144752	375104	137254	52/1144752.mp3	31.8	dramatic,epic,film,inspiring,space,trailer	6
1167868	456650	140451	68/1167868.mp3	175.0	commercial,corporate,happy,love,upbeat,uplifting	6
1167876	456650	140451	76/1167876.mp3	217.5	advertising,commercial,happy,hopeful,inspiring,love	6
1167877	456650	140451	77/1167877.mp3	294.9	dream,inspiring,love,meditative,motivational,uplifting	6
1177013	456650	141690	13/1177013.mp3	207.3	commercial,drama,energetic,film,fun,happy	6
1185797	3944	142697	97/1185797.mp3	90.9	commercial,corporate,emotional,inspiring,motivational,uplifting	6
1189939	460469	143227	39/1189939.mp3	141.9	background,happy,inspiring,positive,upbeat,uplifting	6
1189942	460469	143224	42/1189942.mp3	131.6	background,commercial,cool,corporate,positive,upbeat	6
1189951	460469	143227	51/1189951.mp3	195.9	background,cool,inspiring,relaxing,upbeat,uplifting	6
1189955	460469	143227	55/1189955.mp3	186.7	cool,corporate,hopeful,inspiring,motivational,uplifting	6
1190616	456650	143305	16/1190616.mp3	255.3	dark,documentary,drama,dramatic,emotional,melancholic	6
1195915	3944	143935	15/1195915.mp3	72.2	commercial,corporate,happy,motivational,party,uplifting	6
1198190	456650	144150	90/1198190.mp3	291.0	background,dark,dramatic,film,hopeful,powerful	6
1198196	456650	144149	96/1198196.mp3	200.4	advertising,documentary,emotional,hopeful,love,powerful	6
1198197	456650	144149	97/1198197.mp3	200.3	commercial,dramatic,film,inspiring,positive,upbeat	6
1198666	419438	144199	66/1198666.mp3	147.4	corporate,happy,inspiring,motivational,positive,uplifting	6
1199270	457205	144312	70/1199270.mp3	227.9	dramatic,emotional,hopeful,love,romantic,sad	6
1202198	457221	144524	98/1202198.mp3	283.7	ballad,dream,emotional,love,romantic,sad	6
1203115	457221	144524	15/1203115.mp3	283.7	drama,love,melancholic,relaxing,romantic,soft	6
1210700	7063	145414	00/1210700.mp3	160.1	cool,fun,groovy,happy,melodic,motivational	6
1210713	7063	145414	13/1210713.mp3	169.0	cool,fun,groovy,happy,melodic,motivational	6
1210725	7063	145414	25/1210725.mp3	160.1	cool,fun,groovy,happy,melodic,motivational	6
1211526	456650	145500	26/1211526.mp3	378.5	drama,dream,emotional,love,romantic,space	6
1211800	456650	145533	00/1211800.mp3	264.0	advertising,drama,dramatic,emotional,epic,film	6
1214586	432273	145798	86/1214586.mp3	61.0	documentary,drama,emotional,melodic,sad,soft	6
1214917	466606	145771	17/1214917.mp3	120.0	dramatic,meditative,melancholic,melodic,relaxing,space	6
1214920	466606	145771	20/1214920.mp3	94.0	dramatic,meditative,melancholic,melodic,relaxing,space	6
1214921	466606	145771	21/1214921.mp3	168.0	dramatic,meditative,melancholic,melodic,relaxing,space	6
1214922	466606	145771	22/1214922.mp3	173.4	dramatic,meditative,melancholic,melodic,relaxing,space	6
1216210	456650	145911	10/1216210.mp3	182.8	action,adventure,energetic,happy,nature,sport	6
1216211	456650	145911	11/1216211.mp3	182.8	adventure,children,energetic,fun,happy,travel	6
1216289	466600	145928	89/1216289.mp3	153.0	documentary,emotional,nature,romantic,soft,travel	6
1218785	466654	146188	85/1218785.mp3	187.2	calm,drama,dream,melancholic,romantic,soft	6
1221995	432273	146573	95/1221995.mp3	258.8	documentary,happy,inspiring,positive,relaxing,travel	6
1221997	432273	146573	97/1221997.mp3	165.1	documentary,happy,inspiring,nature,positive,relaxing	6
1229662	466600	147483	62/1229662.mp3	38.1	children,christmas,commercial,documentary,happy,holiday	6
1230711	428449	145744	11/1230711.mp3	443.9	dramatic,hopeful,inspiring,motivational,relaxing,romantic	6
1230712	428449	145744	12/1230712.mp3	533.6	dramatic,hopeful,inspiring,motivational,relaxing,romantic	6
1230713	428449	145744	13/1230713.mp3	512.4	dramatic,hopeful,inspiring,motivational,relaxing,romantic	6
1230714	428449	145744	14/1230714.mp3	312.1	dramatic,hopeful,inspiring,motivational,relaxing,romantic	6
1230715	428449	145744	15/1230715.mp3	260.9	dramatic,hopeful,inspiring,motivational,relaxing,romantic	6
1230716	428449	145744	16/1230716.mp3	416.2	dramatic,hopeful,inspiring,motivational,relaxing,romantic	6
1241636	432273	148808	36/1241636.mp3	174.8	action,adventure,dark,dramatic,epic,powerful	6
1241639	432273	148808	39/1241639.mp3	193.1	action,dark,energetic,epic,horror,powerful	6
1269561	432273	151644	61/1269561.mp3	116.4	documentary,drama,emotional,film,melodic,sad	6
1269563	432273	151644	63/1269563.mp3	170.2	adventure,documentary,dream,emotional,energetic,travel	6
1269565	432273	151644	65/1269565.mp3	97.6	documentary,film,happy,inspiring,melodic,romantic	6
1279493	437980	152643	93/1279493.mp3	60.8	energetic,happy,inspiring,party,positive,uplifting	6
1279604	435483	152699	04/1279604.mp3	73.3	advertising,background,commercial,corporate,happy,motivational	6
1279607	435483	152699	07/1279607.mp3	73.3	advertising,background,commercial,corporate,happy,positive	6
1280944	456650	152827	44/1280944.mp3	290.2	emotional,energetic,hopeful,inspiring,love,romantic	6
1284458	483163	153216	58/1284458.mp3	164.8	corporate,happy,inspiring,motivational,positive,uplifting	6
1284460	483163	153216	60/1284460.mp3	158.6	background,corporate,inspiring,motivational,positive,uplifting	6
1284464	483163	153216	64/1284464.mp3	165.3	background,corporate,happy,inspiring,motivational,uplifting	6
1284465	483163	153216	65/1284465.mp3	152.0	background,corporate,inspiring,motivational,positive,uplifting	6
1288493	483163	153579	93/1288493.mp3	202.0	inspiring,motivational,positive,powerful,sport,uplifting	6
1289523	483163	153673	23/1289523.mp3	187.5	action,adventure,energetic,powerful,sport,uplifting	6
1289528	483163	153673	28/1289528.mp3	165.7	corporate,happy,motivational,positive,upbeat,uplifting	6
1292687	484797	153960	87/1292687.mp3	144.4	advertising,background,commercial,corporate,motivational,uplifting	6
1293729	466600	154053	29/1293729.mp3	38.1	background,commercial,corporate,happy,inspiring,motivational	6
1293730	466600	154053	30/1293730.mp3	70.0	background,commercial,corporate,happy,inspiring,motivational	6
1294750	7063	154152	50/1294750.mp3	124.1	energetic,fun,motivational,positive,powerful,upbeat	6
1294767	7063	154152	67/1294767.mp3	151.1	energetic,fun,happy,motivational,positive,upbeat	6
1294773	7063	154152	73/1294773.mp3	100.7	energetic,fun,motivational,positive,powerful,upbeat	6
1294779	7063	154152	79/1294779.mp3	106.9	energetic,fun,groovy,happy,positive,upbeat	6
1298608	483387	154565	08/1298608.mp3	92.0	christmas,corporate,holiday,inspiring,motivational,powerful	6
1306550	466600	155340	50/1306550.mp3	70.1	background,commercial,corporate,happy,inspiring,motivational	6
1309224	456946	155526	24/1309224.mp3	258.0	advertising,commercial,fun,inspiring,motivational,upbeat	6
1313062	466600	155898	62/1313062.mp3	68.0	background,commercial,corporate,happy,inspiring,motivational	6
1313063	466600	155898	63/1313063.mp3	36.0	background,commercial,corporate,happy,inspiring,motivational	6
1316892	466600	156245	92/1316892.mp3	67.0	commercial,corporate,happy,inspiring,motivational,positive	6
1316893	466600	156245	93/1316893.mp3	35.0	commercial,corporate,happy,inspiring,motivational,positive	6
1319226	457221	156432	26/1319226.mp3	252.6	ballad,emotional,love,mellow,romantic,sad	6
1327885	483387	157171	85/1327885.mp3	88.0	corporate,epic,inspiring,motivational,powerful,upbeat	6
1340782	466600	158354	82/1340782.mp3	35.0	corporate,happy,holiday,inspiring,motivational,positive	6
1340783	466600	158354	83/1340783.mp3	67.0	corporate,happy,holiday,inspiring,motivational,positive	6
1344957	466600	158749	57/1344957.mp3	68.0	corporate,happy,holiday,inspiring,motivational,positive	6
1344958	466600	158749	58/1344958.mp3	35.1	corporate,happy,holiday,inspiring,motivational,positive	6
1350132	466600	159279	32/1350132.mp3	61.0	corporate,happy,holiday,inspiring,motivational,upbeat	6
1352945	462377	159513	45/1352945.mp3	88.5	advertising,commercial,corporate,inspiring,motivational,uplifting	6
1352965	462377	159515	65/1352965.mp3	116.0	advertising,commercial,corporate,inspiring,motivational,uplifting	6
1354275	462377	159652	75/1354275.mp3	45.7	advertising,corporate,fun,happy,positive,uplifting	6
1354704	462377	159705	04/1354704.mp3	138.5	advertising,corporate,inspiring,motivational,upbeat,uplifting	6
1355243	466600	159767	43/1355243.mp3	65.0	corporate,fun,happy,holiday,motivational,positive	6
1373257	451073	161422	57/1373257.mp3	87.7	advertising,corporate,energetic,happy,motivational,positive	6
1382940	483387	162342	40/1382940.mp3	98.0	commercial,corporate,hopeful,inspiring,motivational,upbeat	6
1382988	483387	162342	88/1382988.mp3	52.0	commercial,corporate,hopeful,inspiring,motivational,positive	6
1387549	466600	162751	49/1387549.mp3	36.0	children,christmas,happy,holiday,inspiring,motivational	6
1387550	466600	162751	50/1387550.mp3	68.0	children,christmas,happy,holiday,inspiring,motivational	6
1389159	462377	162911	59/1389159.mp3	73.2	background,corporate,inspiring,motivational,positive,upbeat	6
1389160	462377	162911	60/1389160.mp3	118.2	background,corporate,inspiring,motivational,positive,upbeat	6
1389161	462377	162911	61/1389161.mp3	88.2	background,corporate,inspiring,motivational,positive,upbeat	6
1393185	483387	163282	85/1393185.mp3	62.4	christmas,dream,groovy,inspiring,positive,upbeat	6
1393193	483387	163282	93/1393193.mp3	58.0	christmas,corporate,groovy,inspiring,motivational,upbeat	6
1393194	483387	163282	94/1393194.mp3	90.0	christmas,corporate,holiday,motivational,positive,upbeat	6
1393233	483387	163282	33/1393233.mp3	156.0	christmas,commercial,epic,holiday,inspiring,upbeat	6
1393255	483387	163282	55/1393255.mp3	61.4	christmas,commercial,corporate,groovy,positive,upbeat	6
1396501	361044	163566	01/1396501.mp3	160.8	advertising,background,happy,hopeful,inspiring,motivational	6
1405339	460992	164312	39/1405339.mp3	92.5	background,corporate,hopeful,inspiring,motivational,positive	6
1416382	486550	165579	82/1416382.mp3	34.9	energetic,happy,hopeful,inspiring,motivational,uplifting	6
1416388	486550	165579	88/1416388.mp3	192.2	energetic,happy,hopeful,inspiring,motivational,uplifting	6
16041	2323	2275	41/16041.mp3	240.0	emotional,epic,powerful,upbeat,uplifting	5
16660	2455	2368	60/16660.mp3	282.7	action,epic,inspiring,powerful,uplifting	5
16664	2455	2368	64/16664.mp3	266.1	action,epic,inspiring,powerful,uplifting	5
16665	2455	2368	65/16665.mp3	320.9	action,epic,inspiring,powerful,uplifting	5
36656	5117	4484	56/36656.mp3	215.7	action,dramatic,emotional,epic,powerful	5
36657	5117	4484	57/36657.mp3	229.7	action,dramatic,emotional,epic,melancholic	5
78314	7872	7098	14/78314.mp3	267.0	dark,drama,emotional,funny,horror	5
111026	4116	13948	26/111026.mp3	244.3	calm,energetic,happy,inspiring,uplifting	5
205734	341323	30556	34/205734.mp3	64.0	commercial,inspiring,meditative,relaxing,uplifting	5
206014	341323	30556	14/206014.mp3	108.0	adventure,drama,energetic,inspiring,powerful	5
267762	341323	38075	62/267762.mp3	106.8	happy,inspiring,summer,travel,uplifting	5
385552	5801	48731	52/385552.mp3	278.5	adventure,dramatic,epic,inspiring,uplifting	5
476802	352042	56244	02/476802.mp3	188.7	emotional,inspiring,love,melancholic,soft	5
477307	355362	56298	07/477307.mp3	333.2	drama,dramatic,emotional,melancholic,sad	5
600036	341323	69335	36/600036.mp3	164.3	adventure,commercial,documentary,drama,sport	5
608946	361274	70504	46/608946.mp3	69.8	children,corporate,motivational,positive,soft	5
608958	361274	70504	58/608958.mp3	138.1	children,corporate,happy,inspiring,positive	5
702502	355362	81921	02/702502.mp3	105.0	drama,dramatic,film,love,romantic	5
708464	341323	82646	64/708464.mp3	144.0	commercial,documentary,meditative,summer,travel	5
708470	341323	82646	70/708470.mp3	127.2	commercial,documentary,meditative,summer,travel	5
727908	2740	85078	08/727908.mp3	132.2	emotional,groovy,inspiring,positive,uplifting	5
757496	365142	88601	96/757496.mp3	79.3	adventure,dream,love,melodic,nature	5
757497	365142	88601	97/757497.mp3	107.9	adventure,dream,love,melodic,nature	5
757498	365142	88601	98/757498.mp3	106.8	adventure,dream,love,melodic,nature	5
757499	365142	88601	99/757499.mp3	94.2	adventure,dream,love,melodic,nature	5
757500	365142	88601	00/757500.mp3	107.0	adventure,dream,love,melodic,nature	5
816195	365142	95316	95/816195.mp3	230.8	drama,dream,emotional,love,soft	5
816196	365142	95316	96/816196.mp3	171.4	drama,dream,emotional,love,soft	5
816199	365142	95316	99/816199.mp3	186.9	documentary,drama,dream,emotional,soft	5
816200	365142	95316	00/816200.mp3	182.4	children,documentary,emotional,love,soft	5
816202	365142	95316	02/816202.mp3	200.9	documentary,drama,emotional,love,soft	5
844690	2323	98719	90/844690.mp3	237.2	emotional,epic,inspiring,powerful,uplifting	5
844691	2323	98719	91/844691.mp3	268.0	epic,inspiring,powerful,upbeat,uplifting	5
844692	2323	98719	92/844692.mp3	320.0	action,dramatic,epic,powerful,uplifting	5
844695	2323	98719	95/844695.mp3	228.4	dark,emotional,inspiring,upbeat,uplifting	5
844696	2323	98719	96/844696.mp3	214.8	action,dark,emotional,epic,powerful	5
844697	2323	98719	97/844697.mp3	324.3	dramatic,epic,hopeful,inspiring,uplifting	5
882098	365142	103667	98/882098.mp3	197.9	christmas,emotional,love,melodic,romantic	5
900234	5240	105966	34/900234.mp3	124.3	action,adventure,corporate,documentary,drama	5
900240	5240	105966	40/900240.mp3	127.8	action,adventure,corporate,documentary,drama	5
900241	5240	105966	41/900241.mp3	138.0	adventure,ambiental,corporate,documentary,emotional	5
900242	5240	105966	42/900242.mp3	118.4	adventure,corporate,documentary,drama,nature	5
912259	355362	107957	59/912259.mp3	117.4	corporate,epic,film,motivational,positive	5
919994	365142	108992	94/919994.mp3	294.3	documentary,dream,emotional,love,soft	5
919996	365142	108992	96/919996.mp3	187.0	drama,dream,emotional,love,soft	5
919999	365142	108992	99/919999.mp3	187.3	drama,dream,emotional,love,soft	5
949223	5240	111582	23/949223.mp3	203.5	corporate,documentary,drama,emotional,soft	5
1027915	5240	120873	15/1027915.mp3	219.4	corporate,documentary,drama,emotional,nature	5
1027918	5240	120873	18/1027918.mp3	192.0	action,adventure,children,documentary,nature	5
1027920	5240	120873	20/1027920.mp3	140.0	adventure,advertising,children,documentary,nature	5
1027925	5240	120873	25/1027925.mp3	169.9	adventure,advertising,documentary,drama,nature	5
1027926	5240	120873	26/1027926.mp3	158.6	adventure,advertising,children,documentary,emotional	5
1027927	5240	120873	27/1027927.mp3	160.8	adventure,advertising,children,documentary,nature	5
1028938	375104	120948	38/1028938.mp3	112.0	advertising,corporate,energetic,motivational,positive	5
1031105	375935	121299	05/1031105.mp3	130.0	commercial,corporate,energetic,motivational,uplifting	5
1066511	437980	126061	11/1066511.mp3	173.8	advertising,emotional,inspiring,positive,uplifting	5
1079385	5240	128551	85/1079385.mp3	244.8	action,adventure,documentary,drama,film	5
1079389	5240	128551	89/1079389.mp3	142.8	adventure,documentary,drama,film,nature	5
1079394	5240	128551	94/1079394.mp3	160.8	children,corporate,documentary,film,nature	5
1079401	5240	128551	01/1079401.mp3	140.0	action,adventure,documentary,drama,film	5
1089086	432273	129838	86/1089086.mp3	247.5	documentary,dramatic,film,romantic,sad	5
1095102	428449	130556	02/1095102.mp3	390.3	advertising,hopeful,motivational,nature,relaxing	5
1095106	428449	130556	06/1095106.mp3	298.2	adventure,advertising,dramatic,motivational,romantic	5
1122287	443598	134131	87/1122287.mp3	225.8	adventure,children,commercial,documentary,nature	5
1122852	443598	134208	52/1122852.mp3	219.7	adventure,commercial,documentary,drama,sport	5
1133289	435483	135947	89/1133289.mp3	78.9	commercial,corporate,happy,motivational,uplifting	5
1139425	428449	136852	25/1139425.mp3	561.7	adventure,dream,emotional,melancholic,motivational	5
1139429	428449	136852	29/1139429.mp3	412.7	dramatic,dream,emotional,hopeful,melancholic	5
1143010	451073	137054	10/1143010.mp3	195.7	advertising,happy,holiday,positive,summer	5
1143013	451073	137054	13/1143013.mp3	97.9	advertising,corporate,happy,motivational,positive	5
1143014	451073	137054	14/1143014.mp3	96.0	advertising,corporate,happy,motivational,positive	5
1143811	452142	137138	11/1143811.mp3	264.3	emotional,happy,inspiring,relaxing,soft	5
1143816	452142	137138	16/1143816.mp3	134.7	dark,emotional,inspiring,relaxing,slow	5
1144750	375104	137254	50/1144750.mp3	115.7	action,dramatic,epic,space,trailer	5
1150771	375935	138026	71/1150771.mp3	150.0	adventure,corporate,epic,film,trailer	5
1150778	375935	138026	78/1150778.mp3	62.5	advertising,epic,film,trailer,uplifting	5
1154518	375935	138492	18/1154518.mp3	145.0	action,documentary,epic,film,trailer	5
1156579	375935	138793	79/1156579.mp3	180.0	action,adventure,documentary,epic,film	5
1163229	455057	139770	29/1163229.mp3	62.0	advertising,nature,relaxing,soft,travel	5
1166607	455057	140264	07/1166607.mp3	110.9	calm,happy,meditative,nature,relaxing	5
1166609	455057	140264	09/1166609.mp3	110.9	calm,children,hopeful,meditative,relaxing	5
1167863	456650	140451	63/1167863.mp3	234.8	happy,love,romantic,summer,upbeat	5
1167872	456650	140451	72/1167872.mp3	240.5	drama,dramatic,emotional,love,romantic	5
1167881	456650	140453	81/1167881.mp3	234.8	adventure,advertising,corporate,energetic,sport	5
1167885	456650	140453	85/1167885.mp3	174.9	commercial,corporate,happy,motivational,positive	5
1167892	456650	140453	92/1167892.mp3	157.8	background,film,mellow,positive,relaxing	5
1167894	456650	140453	94/1167894.mp3	294.9	advertising,dream,emotional,meditative,space	5
1176229	457205	141641	29/1176229.mp3	286.1	dark,drama,emotional,inspiring,sad	5
1177027	457221	141691	27/1177027.mp3	284.1	dream,love,retro,romantic,soft	5
1177099	456947	141697	99/1177099.mp3	238.8	commercial,corporate,happy,hopeful,positive	5
1185651	432273	142682	51/1185651.mp3	133.8	emotional,love,relaxing,romantic,soft	5
1185652	432273	142682	52/1185652.mp3	132.9	documentary,energetic,happy,nature,travel	5
1186024	375104	142746	24/1186024.mp3	91.1	advertising,background,energetic,groovy,retro	5
1189896	460469	143257	96/1189896.mp3	184.1	cool,corporate,hopeful,inspiring,motivational	5
1189913	460469	143227	13/1189913.mp3	135.2	corporate,hopeful,inspiring,motivational,uplifting	5
1189924	460469	143222	24/1189924.mp3	157.1	background,hopeful,inspiring,positive,uplifting	5
1189928	460469	143222	28/1189928.mp3	137.6	background,cool,epic,hopeful,inspiring	5
1189930	460469	143227	30/1189930.mp3	242.1	background,happy,inspiring,positive,uplifting	5
1189931	460469	143227	31/1189931.mp3	242.2	background,happy,inspiring,positive,uplifting	5
1189932	460469	143225	32/1189932.mp3	142.9	commercial,corporate,fun,happy,uplifting	5
1189937	460469	143221	37/1189937.mp3	148.3	background,happy,inspiring,positive,uplifting	5
1189943	460469	143221	43/1189943.mp3	139.3	commercial,happy,inspiring,upbeat,uplifting	5
1189949	460469	143225	49/1189949.mp3	133.8	happy,inspiring,positive,upbeat,uplifting	5
1191327	355362	143400	27/1191327.mp3	95.2	action,corporate,epic,film,trailer	5
1193995	431036	143701	95/1193995.mp3	119.0	advertising,corporate,happy,motivational,uplifting	5
1195927	3944	143935	27/1195927.mp3	96.0	advertising,corporate,documentary,happy,travel	5
1198191	456650	144151	91/1198191.mp3	184.8	drama,emotional,love,romantic,sad	5
1198667	419438	144199	67/1198667.mp3	101.0	happy,inspiring,motivational,positive,uplifting	5
1198668	419438	144199	68/1198668.mp3	135.4	happy,inspiring,motivational,positive,uplifting	5
1203119	457221	144525	19/1203119.mp3	244.7	dramatic,dream,emotional,love,romantic	5
1203202	456946	144532	02/1203202.mp3	280.3	dark,drama,emotional,melancholic,sad	5
1204956	4116	144747	56/1204956.mp3	124.6	advertising,calm,energetic,happy,motivational	5
1209623	3944	145266	23/1209623.mp3	137.1	energetic,happy,motivational,positive,uplifting	5
1209628	3944	145266	28/1209628.mp3	84.9	children,corporate,emotional,happy,positive	5
1210690	7063	145414	90/1210690.mp3	169.0	cool,fun,groovy,melodic,motivational	5
1210691	7063	145414	91/1210691.mp3	147.9	energetic,fun,happy,motivational,party	5
1210692	7063	145414	92/1210692.mp3	130.4	cool,fun,happy,motivational,party	5
1210697	7063	145414	97/1210697.mp3	185.8	cool,fun,happy,motivational,party	5
1210714	7063	145414	14/1210714.mp3	147.9	cool,energetic,fun,happy,motivational	5
1210715	7063	145414	15/1210715.mp3	130.4	cool,fun,groovy,happy,party	5
1210716	7063	145414	16/1210716.mp3	151.3	energetic,fun,happy,motivational,party	5
1210718	7063	145414	18/1210718.mp3	173.1	cool,fun,happy,motivational,party	5
1210719	7063	145414	19/1210719.mp3	182.1	fun,happy,motivational,party,upbeat	5
1210720	7063	145414	20/1210720.mp3	182.1	cool,fun,groovy,happy,upbeat	5
1210721	7063	145414	21/1210721.mp3	185.8	cool,fun,happy,motivational,party	5
1210722	7063	145414	22/1210722.mp3	162.9	fun,groovy,happy,melodic,motivational	5
1211796	456650	145534	96/1211796.mp3	257.6	dark,dream,hopeful,love,sad	5
1214584	432273	145798	84/1214584.mp3	120.1	emotional,love,relaxing,romantic,soft	5
1214918	466606	145771	18/1214918.mp3	172.9	dramatic,melancholic,melodic,relaxing,space	5
1214919	466606	145771	19/1214919.mp3	245.6	meditative,melancholic,melodic,relaxing,space	5
1215071	466600	145788	71/1215071.mp3	34.1	commercial,corporate,inspiring,motivational,positive	5
1216156	458175	145895	56/1216156.mp3	83.8	dream,emotional,happy,positive,romantic	5
1216162	458175	145895	62/1216162.mp3	130.4	documentary,emotional,love,movie,sad	5
1220291	466600	146365	91/1220291.mp3	73.0	commercial,documentary,drama,emotional,nature	5
1220292	466600	146365	92/1220292.mp3	34.0	commercial,documentary,drama,emotional,nature	5
1221996	432273	146573	96/1221996.mp3	185.1	documentary,happy,meditative,positive,relaxing	5
1222319	5240	146612	19/1222319.mp3	144.0	children,documentary,drama,emotional,nature	5
1222825	466600	146672	25/1222825.mp3	45.1	commercial,documentary,inspiring,nature,romantic	5
1223297	455057	146733	97/1223297.mp3	52.2	advertising,children,commercial,happy,uplifting	5
1224065	466600	146852	65/1224065.mp3	93.1	commercial,documentary,motivational,sport,travel	5
1224066	466600	146852	66/1224066.mp3	41.1	commercial,documentary,motivational,sport,travel	5
1224717	466600	146927	17/1224717.mp3	152.0	commercial,documentary,motivational,sport,travel	5
1224718	466600	146927	18/1224718.mp3	97.0	commercial,documentary,motivational,sport,travel	5
1224719	466600	146927	19/1224719.mp3	36.0	commercial,documentary,motivational,sport,travel	5
1227275	466600	147223	75/1227275.mp3	82.1	background,commercial,corporate,documentary,motivational	5
1227498	459422	147239	98/1227498.mp3	285.2	adventure,advertising,ambiental,documentary,film	5
1229175	375104	147435	75/1229175.mp3	189.5	advertising,energetic,inspiring,positive,upbeat	5
1229963	452142	147508	63/1229963.mp3	247.4	dream,emotional,happy,inspiring,relaxing	5
1230710	428449	145744	10/1230710.mp3	644.2	dark,dramatic,hopeful,melancholic,motivational	5
1231496	437980	147685	96/1231496.mp3	164.8	happy,positive,summer,upbeat,uplifting	5
1234243	437980	147987	43/1234243.mp3	171.6	advertising,energetic,happy,positive,uplifting	5
1234248	437980	147987	48/1234248.mp3	181.0	energetic,happy,inspiring,upbeat,uplifting	5
1234495	472670	147855	95/1234495.mp3	304.8	emotional,happy,love,party,sexy	5
1235361	437980	148121	61/1235361.mp3	171.6	advertising,corporate,happy,upbeat,uplifting	5
1235365	437980	148121	65/1235365.mp3	164.8	energetic,happy,party,upbeat,uplifting	5
1236869	437980	148285	69/1236869.mp3	143.9	advertising,children,corporate,energetic,happy	5
1241652	432273	148808	52/1241652.mp3	134.7	action,adventure,dramatic,epic,powerful	5
1251474	432273	149753	74/1251474.mp3	270.7	emotional,inspiring,meditative,relaxing,soft	5
1251475	432273	149753	75/1251475.mp3	171.0	dramatic,emotional,epic,meditative,melodic	5
1251476	432273	149753	76/1251476.mp3	76.3	drama,dramatic,emotional,energetic,powerful	5
1253143	439286	149941	43/1253143.mp3	210.3	ballad,calm,meditative,melodic,sad	5
1254011	346564	150044	11/1254011.mp3	160.9	dream,emotional,melodic,positive,romantic	5
1254013	346564	150044	13/1254013.mp3	128.0	dream,love,melodic,positive,romantic	5
1254788	466600	150109	88/1254788.mp3	55.1	background,dramatic,happy,inspiring,romantic	5
1256729	466600	150291	29/1256729.mp3	79.0	background,documentary,dramatic,inspiring,romantic	5
1260130	466600	150646	30/1260130.mp3	87.1	dramatic,happy,inspiring,motivational,positive	5
1262122	466600	150899	22/1262122.mp3	109.1	action,dramatic,epic,powerful,trailer	5
1262123	466600	150899	23/1262123.mp3	109.1	action,documentary,dramatic,epic,trailer	5
1265747	466600	151273	47/1265747.mp3	70.1	background,commercial,corporate,documentary,motivational	5
1266502	432124	151348	02/1266502.mp3	67.0	advertising,children,commercial,fun,funny	5
1267054	466600	151415	54/1267054.mp3	95.0	dramatic,dream,happy,inspiring,romantic	5
1269562	432273	151644	62/1269562.mp3	184.2	drama,dream,meditative,sad,soft	5
1269566	432273	151644	66/1269566.mp3	172.3	documentary,emotional,happy,inspiring,soft	5
1274264	437980	152107	64/1274264.mp3	137.5	corporate,inspiring,motivational,positive,uplifting	5
1277912	355362	152492	12/1277912.mp3	64.3	action,adventure,epic,film,happy	5
1279601	435483	152699	01/1279601.mp3	70.0	background,commercial,corporate,motivational,uplifting	5
1279602	435483	152646	02/1279602.mp3	98.4	advertising,background,commercial,corporate,motivational	5
1279614	435483	152699	14/1279614.mp3	38.0	advertising,background,commercial,corporate,motivational	5
1281389	375935	152832	89/1281389.mp3	157.4	corporate,energetic,inspiring,motivational,upbeat	5
1284456	483163	153216	56/1284456.mp3	130.4	corporate,inspiring,motivational,positive,uplifting	5
1284457	483163	153216	57/1284457.mp3	181.9	corporate,inspiring,motivational,positive,upbeat	5
1284461	483163	153216	61/1284461.mp3	134.8	corporate,hopeful,inspiring,motivational,uplifting	5
1284462	483163	153216	62/1284462.mp3	166.1	corporate,inspiring,motivational,positive,uplifting	5
1289526	483163	153673	26/1289526.mp3	167.3	energetic,powerful,sport,upbeat,uplifting	5
1289527	483163	153673	27/1289527.mp3	204.2	energetic,happy,positive,sport,uplifting	5
1290419	483163	153673	19/1290419.mp3	168.8	energetic,happy,positive,sport,uplifting	5
1290948	419438	153772	48/1290948.mp3	144.0	energetic,happy,positive,summer,uplifting	5
1290949	419438	153772	49/1290949.mp3	134.0	happy,inspiring,motivational,positive,uplifting	5
1290950	419438	153772	50/1290950.mp3	115.7	corporate,dream,inspiring,motivational,positive	5
1293660	457221	154045	60/1293660.mp3	258.5	children,christmas,commercial,happy,holiday	5
1294740	7063	154152	40/1294740.mp3	151.0	energetic,fun,happy,motivational,upbeat	5
1294742	7063	154152	42/1294742.mp3	148.2	energetic,fun,happy,melodic,motivational	5
1294768	7063	154152	68/1294768.mp3	148.2	fun,groovy,happy,motivational,positive	5
1294776	7063	154152	76/1294776.mp3	158.2	energetic,fun,happy,motivational,positive	5
1294821	7063	154152	21/1294821.mp3	100.8	energetic,fun,motivational,positive,powerful	5
1296924	437980	154373	24/1296924.mp3	93.5	action,adventure,dramatic,film,romantic	5
1296925	437980	154373	25/1296925.mp3	93.5	action,adventure,dark,dramatic,romantic	5
1296926	437980	154373	26/1296926.mp3	157.1	action,adventure,dramatic,energetic,romantic	5
1298307	437980	154534	07/1298307.mp3	182.3	energetic,happy,inspiring,motivational,uplifting	5
1298309	437980	154534	09/1298309.mp3	135.6	corporate,energetic,happy,motivational,upbeat	5
1298609	483387	154565	09/1298609.mp3	90.0	christmas,corporate,inspiring,motivational,powerful	5
1298610	483387	154565	10/1298610.mp3	124.0	christmas,corporate,holiday,inspiring,motivational	5
1298611	483387	154565	11/1298611.mp3	84.0	christmas,corporate,holiday,inspiring,motivational	5
1299615	466600	154673	15/1299615.mp3	84.0	action,dramatic,epic,inspiring,trailer	5
1302145	466600	154921	45/1302145.mp3	74.1	emotional,happy,inspiring,positive,romantic	5
1304479	452157	155148	79/1304479.mp3	288.4	ballad,dark,epic,love,sad	5
1305095	457221	155215	95/1305095.mp3	330.0	drama,emotional,film,romantic,sad	5
1307740	456650	155422	40/1307740.mp3	194.1	advertising,commercial,fun,happy,travel	5
1309733	457221	155597	33/1309733.mp3	308.8	advertising,background,commercial,melodic,movie	5
1311479	437980	155766	79/1311479.mp3	122.1	dark,energetic,epic,film,trailer	5
1312018	466600	155805	18/1312018.mp3	72.0	emotional,happy,inspiring,positive,romantic	5
1313073	432273	155900	73/1313073.mp3	175.2	happy,inspiring,motivational,positive,uplifting	5
1313078	432273	155900	78/1313078.mp3	185.2	commercial,happy,inspiring,motivational,positive	5
1313079	432273	155900	79/1313079.mp3	157.0	happy,inspiring,positive,relaxing,romantic	5
1314100	466600	156006	00/1314100.mp3	63.1	emotional,happy,inspiring,positive,romantic	5
1314101	466600	156006	01/1314101.mp3	34.1	emotional,happy,inspiring,positive,romantic	5
1314539	419438	156045	39/1314539.mp3	95.5	happy,inspiring,motivational,positive,uplifting	5
1314540	419438	156045	40/1314540.mp3	70.1	advertising,inspiring,motivational,positive,uplifting	5
1314541	419438	156045	41/1314541.mp3	63.7	happy,inspiring,motivational,positive,uplifting	5
1319235	457221	156432	35/1319235.mp3	375.6	ballad,dream,emotional,love,romantic	5
1323012	363592	156800	12/1323012.mp3	263.0	adventure,ballad,dream,hopeful,inspiring	5
1323013	363592	156800	13/1323013.mp3	328.0	adventure,ballad,dream,hopeful,nature	5
1325994	466600	156997	94/1325994.mp3	30.0	action,energetic,epic,inspiring,sport	5
1326218	457221	157010	18/1326218.mp3	254.2	film,happy,love,romantic,uplifting	5
1326219	457221	157010	19/1326219.mp3	254.2	advertising,commercial,corporate,inspiring,positive	5
1326221	455057	157011	21/1326221.mp3	261.0	drama,emotional,melancholic,powerful,sad	5
1327378	466600	157128	78/1327378.mp3	32.0	emotional,happy,inspiring,positive,romantic	5
1329932	461418	157372	32/1329932.mp3	205.0	fun,happy,inspiring,motivational,uplifting	5
1329935	461418	157372	35/1329935.mp3	122.5	fun,happy,inspiring,motivational,uplifting	5
1329938	461418	157372	38/1329938.mp3	229.5	happy,inspiring,motivational,sad,uplifting	5
1330054	455057	157383	54/1330054.mp3	162.9	advertising,commercial,energetic,fun,positive	5
1331093	466600	157463	93/1331093.mp3	35.0	action,dramatic,epic,sport,trailer	5
1333334	432273	157676	34/1333334.mp3	149.0	background,happy,inspiring,positive,relaxing	5
1333638	466600	157693	38/1333638.mp3	68.0	action,energetic,epic,sport,trailer	5
1334778	466600	157821	78/1334778.mp3	32.0	emotional,happy,inspiring,positive,romantic	5
1335359	466600	157864	59/1335359.mp3	67.0	action,energetic,epic,sport,trailer	5
1335360	466600	157864	60/1335360.mp3	35.0	dramatic,energetic,epic,sport,trailer	5
1337210	466600	157994	10/1337210.mp3	35.1	corporate,happy,inspiring,motivational,positive	5
1337506	338395	158025	06/1337506.mp3	173.2	hopeful,love,sad,soft,uplifting	5
1337776	466600	158053	76/1337776.mp3	39.1	action,epic,inspiring,sport,trailer	5
1341601	437980	158414	01/1341601.mp3	60.9	corporate,energetic,party,upbeat,uplifting	5
1341606	437980	158587	06/1341606.mp3	60.9	corporate,inspiring,motivational,positive,uplifting	5
1342134	375104	158483	34/1342134.mp3	127.3	fun,game,happy,positive,sport	5
1342463	466600	158498	63/1342463.mp3	56.1	adventure,epic,inspiring,sport,trailer	5
1342464	466600	158498	64/1342464.mp3	38.0	adventure,epic,inspiring,sport,trailer	5
1342575	432273	158511	75/1342575.mp3	97.8	drama,emotional,love,romantic,sad	5
1342576	432273	158511	76/1342576.mp3	34.1	drama,epic,powerful,sad,trailer	5
1343113	466600	158573	13/1343113.mp3	68.0	dramatic,epic,inspiring,sport,trailer	5
1343443	488843	158863	43/1343443.mp3	184.0	dream,hopeful,inspiring,melodic,relaxing	5
1346189	488843	158863	89/1346189.mp3	198.0	hopeful,inspiring,meditative,relaxing,soundscape	5
1347074	484759	158955	74/1347074.mp3	96.6	advertising,epic,inspiring,powerful,trailer	5
1347076	484759	158955	76/1347076.mp3	227.0	advertising,epic,inspiring,powerful,trailer	5
1348728	451073	159138	28/1348728.mp3	123.8	advertising,corporate,happy,motivational,positive	5
1352133	490314	159423	33/1352133.mp3	65.5	action,adventure,dramatic,epic,trailer	5
1352135	490314	159423	35/1352135.mp3	133.1	action,adventure,dramatic,epic,trailer	5
1352963	462377	159515	63/1352963.mp3	116.0	advertising,commercial,corporate,inspiring,motivational	5
1352971	462377	159517	71/1352971.mp3	157.0	dream,hopeful,inspiring,motivational,romantic	5
1353364	490860	159548	64/1353364.mp3	218.8	deep,funny,happy,sport,summer	5
1353365	490860	159548	65/1353365.mp3	212.0	deep,funny,happy,sport,summer	5
1353367	490860	159548	67/1353367.mp3	161.0	deep,funny,happy,sport,summer	5
1353368	490860	159548	68/1353368.mp3	172.9	deep,funny,happy,sport,summer	5
1353369	490860	159548	69/1353369.mp3	184.7	deep,funny,happy,sport,summer	5
1353371	490860	159548	71/1353371.mp3	234.4	deep,funny,happy,sport,summer	5
1353372	490860	159548	72/1353372.mp3	160.8	deep,funny,happy,sport,summer	5
1353374	490860	159548	74/1353374.mp3	223.4	deep,funny,happy,sport,summer	5
1353375	490860	159548	75/1353375.mp3	214.7	deep,funny,happy,sport,summer	5
1353376	490860	159548	76/1353376.mp3	231.8	deep,funny,happy,sport,summer	5
1359327	484759	160181	27/1359327.mp3	111.5	adventure,advertising,epic,film,trailer	5
1359328	484759	160181	28/1359328.mp3	86.2	adventure,advertising,epic,film,trailer	5
1360560	483163	160283	60/1360560.mp3	57.6	background,children,fun,happy,upbeat	5
1360563	483163	160283	63/1360563.mp3	86.6	background,children,fun,happy,upbeat	5
1366863	462377	160955	63/1366863.mp3	110.8	energetic,happy,positive,powerful,uplifting	5
1368942	480599	161054	42/1368942.mp3	201.0	dark,documentary,dramatic,powerful,relaxing	5
1368945	480599	161054	45/1368945.mp3	256.0	dark,documentary,dramatic,powerful,relaxing	5
1368948	480599	161054	48/1368948.mp3	180.0	dark,documentary,dramatic,powerful,relaxing	5
1368951	480599	161054	51/1368951.mp3	300.0	dark,documentary,dramatic,powerful,relaxing	5
1368954	480599	161054	54/1368954.mp3	217.0	dark,documentary,dramatic,powerful,relaxing	5
1368958	480599	161054	58/1368958.mp3	164.0	dark,documentary,dramatic,powerful,relaxing	5
1368964	480599	161054	64/1368964.mp3	210.0	dark,documentary,dramatic,powerful,relaxing	5
1368970	480599	161054	70/1368970.mp3	304.0	dark,documentary,dramatic,powerful,relaxing	5
1369353	456650	161085	53/1369353.mp3	169.5	advertising,commercial,happy,positive,upbeat	5
1370135	427606	161181	35/1370135.mp3	134.2	calm,dream,relaxing,sad,slow	5
1370390	490028	161301	90/1370390.mp3	106.2	ambiental,inspiring,motivational,relaxing,uplifting	5
1376259	490499	161779	59/1376259.mp3	165.7	background,corporate,inspiring,motivational,uplifting	5
1376262	490499	161779	62/1376262.mp3	160.1	advertising,corporate,inspiring,motivational,uplifting	5
1378037	493445	161925	37/1378037.mp3	35.1	commercial,corporate,energetic,inspiring,motivational	5
1378691	486550	162252	91/1378691.mp3	60.0	background,corporate,motivational,upbeat,uplifting	5
1383310	428874	162351	10/1383310.mp3	381.8	christmas,fun,happy,holiday,inspiring	5
1383416	483387	162355	16/1383416.mp3	98.0	commercial,corporate,inspiring,motivational,upbeat	5
1383628	483387	162355	28/1383628.mp3	98.0	commercial,corporate,motivational,positive,upbeat	5
1383631	483387	162355	31/1383631.mp3	50.1	commercial,corporate,inspiring,motivational,upbeat	5
1383638	483387	162355	38/1383638.mp3	50.1	commercial,corporate,inspiring,motivational,upbeat	5
1383764	466600	162374	64/1383764.mp3	62.0	action,dramatic,epic,inspiring,trailer	5
1385748	430396	162540	48/1385748.mp3	260.1	calm,dream,relaxing,sad,slow	5
1387904	443598	162792	04/1387904.mp3	230.7	adventure,commercial,documentary,film,love	5
1393180	483387	163282	80/1393180.mp3	216.0	christmas,energetic,inspiring,positive,upbeat	5
1393182	483387	163282	82/1393182.mp3	38.5	christmas,commercial,inspiring,positive,upbeat	5
1393190	483387	163282	90/1393190.mp3	32.0	christmas,commercial,corporate,inspiring,positive	5
1393256	483387	163282	56/1393256.mp3	90.3	christmas,corporate,inspiring,motivational,upbeat	5
1394403	456894	163277	03/1394403.mp3	147.0	advertising,children,christmas,happy,motivational	5
1395227	491533	163420	27/1395227.mp3	108.5	action,film,funny,happy,uplifting	5
1396094	491533	163420	94/1396094.mp3	65.0	film,motivational,powerful,sport,uplifting	5
1396695	462377	163584	95/1396695.mp3	116.0	background,commercial,corporate,inspiring,motivational	5
1397743	439371	163679	43/1397743.mp3	138.4	corporate,energetic,fast,happy,positive	5
1399362	466600	163805	62/1399362.mp3	36.1	dramatic,emotional,happy,inspiring,romantic	5
1399363	466600	163805	63/1399363.mp3	69.1	dramatic,emotional,happy,inspiring,romantic	5
1399474	419438	163814	74/1399474.mp3	64.5	calm,christmas,holiday,positive,relaxing	5
1399625	4116	163833	25/1399625.mp3	136.0	calm,children,dramatic,happy,motivational	5
1404703	495484	164263	03/1404703.mp3	232.0	background,corporate,deep,love,romantic	5
1404705	495484	164263	05/1404705.mp3	228.0	corporate,deep,inspiring,romantic,sexy	5
1405083	460992	164288	83/1405083.mp3	115.1	emotional,epic,motivational,powerful,trailer	5
1405087	460992	164288	87/1405087.mp3	122.9	epic,motivational,movie,positive,trailer	5
1405181	484759	164302	81/1405181.mp3	274.9	advertising,children,dream,emotional,film	5
1405230	484759	164302	30/1405230.mp3	301.5	advertising,children,dream,emotional,film	5
1405231	484759	164302	31/1405231.mp3	208.0	advertising,children,dream,emotional,film	5
1405234	484759	164302	34/1405234.mp3	224.1	advertising,children,dream,epic,film	5
1405307	460992	164308	07/1405307.mp3	95.1	background,corporate,inspiring,soft,uplifting	5
1405356	460992	164312	56/1405356.mp3	72.0	commercial,corporate,hopeful,inspiring,positive	5
1405473	495484	164323	73/1405473.mp3	76.9	advertising,corporate,emotional,happy,inspiring	5
1406399	430269	164427	99/1406399.mp3	91.2	emotional,epic,inspiring,motivational,trailer	5
1414686	486550	165307	86/1414686.mp3	90.5	background,ballad,documentary,relaxing,soundscape	5
1414689	486550	165307	89/1414689.mp3	174.8	background,calm,documentary,film,soundscape	5
1415106	495779	165217	06/1415106.mp3	144.0	advertising,dramatic,energetic,inspiring,motivational	5
1415108	495779	165217	08/1415108.mp3	173.7	advertising,film,inspiring,melodic,motivational	5
1416137	486550	165307	37/1416137.mp3	60.7	background,ballad,calm,documentary,slow	5
1416139	486550	165307	39/1416139.mp3	91.0	background,ballad,documentary,film,slow	5
1416142	486550	165307	42/1416142.mp3	203.7	background,ballad,documentary,slow,soundscape	5
1416336	463893	165482	36/1416336.mp3	49.9	background,corporate,happy,inspiring,motivational	5
1416381	486550	165579	81/1416381.mp3	34.9	corporate,energetic,inspiring,motivational,uplifting	5
1416384	486550	165579	84/1416384.mp3	65.1	corporate,happy,inspiring,motivational,uplifting	5
1416385	486550	165579	85/1416385.mp3	90.0	corporate,energetic,inspiring,motivational,uplifting	5
1416386	486550	165579	86/1416386.mp3	90.0	energetic,happy,inspiring,motivational,uplifting	5
1416387	486550	165579	87/1416387.mp3	192.2	corporate,happy,hopeful,inspiring,motivational	5
1419105	486550	165579	05/1419105.mp3	30.0	advertising,background,documentary,film,nature	5
1419106	486550	165579	06/1419106.mp3	30.0	background,corporate,documentary,film,inspiring	5
1419109	486550	165579	09/1419109.mp3	90.5	background,corporate,documentary,film,hopeful	5
1419110	486550	165579	10/1419110.mp3	180.1	background,corporate,documentary,hopeful,inspiring	5
1419187	466600	165585	87/1419187.mp3	60.1	corporate,happy,holiday,inspiring,motivational	5
11839	1780	1749	39/11839.mp3	212.2	calm,melodic,relaxing,soft	4
11840	1780	1749	40/11840.mp3	178.8	calm,melodic,relaxing,soft	4
11841	1780	1749	41/11841.mp3	120.4	calm,melodic,relaxing,soft	4
11842	1780	1749	42/11842.mp3	91.9	calm,melodic,relaxing,soft	4
11843	1780	1749	43/11843.mp3	97.0	calm,melodic,relaxing,soft	4
11844	1780	1749	44/11844.mp3	102.3	calm,melodic,relaxing,soft	4
11845	1780	1749	45/11845.mp3	204.9	calm,melodic,relaxing,soft	4
15998	2324	2269	98/15998.mp3	241.4	action,adventure,dramatic,epic	4
15999	2324	2269	99/15999.mp3	133.6	emotional,epic,powerful,upbeat	4
16000	2324	2269	00/16000.mp3	162.7	dramatic,epic,powerful,upbeat	4
16038	2323	2275	38/16038.mp3	190.0	dark,dramatic,epic,powerful	4
16040	2323	2275	40/16040.mp3	185.4	epic,inspiring,soundscape,uplifting	4
16658	2455	2368	58/16658.mp3	191.8	epic,inspiring,powerful,uplifting	4
16659	2455	2368	59/16659.mp3	321.0	epic,inspiring,powerful,uplifting	4
16662	2455	2368	62/16662.mp3	188.0	action,epic,powerful,uplifting	4
16663	2455	2368	63/16663.mp3	276.4	action,epic,powerful,uplifting	4
